episode,steps,total_reward,success,collisions,epsilon
1,300,1110.26088669732,True,0,0.99
2,328,451.58884906814194,False,1,0.9801
3,288,11.00703873905347,False,1,0.9702989999999999
4,68,-63.00954900617602,False,1,0.96059601
5,349,550.1654257817946,False,1,0.9509900498999999
6,352,320.31949895782077,False,1,0.9414801494009999
7,289,121.19976787358036,False,1,0.9320653479069899
8,362,1272.4994298304068,True,0,0.92274469442792
9,170,771.5448770519517,True,0,0.9135172474836407
10,174,750.9275315064501,True,0,0.9043820750088043
11,283,517.9309802519869,False,1,0.8953382542587163
12,190,821.2383370060049,True,0,0.8863848717161291
13,197,878.4320709351758,True,0,0.8775210229989678
14,131,-28.960983452093693,False,1,0.8687458127689781
15,213,858.6636264454824,True,0,0.8600583546412883
16,196,867.9333729061647,True,0,0.8514577710948754
17,319,942.4591076754776,True,0,0.8429431933839266
18,215,917.877797946038,True,0,0.8345137614500874
19,283,604.1847605899433,False,1,0.8261686238355865
20,186,841.2288008331905,True,0,0.8179069375972307
21,168,768.8610749299629,True,0,0.8097278682212583
22,333,743.1403996052795,False,1,0.8016305895390458
23,295,643.2147760484452,False,1,0.7936142836436553
24,190,853.3552402528428,True,0,0.7856781408072188
25,252,966.7022603665893,True,0,0.7778213593991465
26,106,-50.09488728051523,False,1,0.7700431458051551
27,208,861.201776958616,True,0,0.7623427143471035
28,273,1044.5210220635872,True,0,0.7547192872036325
29,334,1058.9461823456008,True,0,0.7471720943315961
30,176,787.6553845230326,True,0,0.7397003733882802
31,198,865.8631577782559,True,0,0.7323033696543974
32,293,1049.6968857237455,True,0,0.7249803359578534
33,360,1274.4099054044723,True,0,0.7177305325982748
34,277,15.644650019819295,False,1,0.7105532272722921
35,349,1188.1631974418126,True,0,0.7034476949995692
36,307,632.0495654106892,False,1,0.6964132180495735
37,192,847.6058095227089,True,0,0.6894490858690777
38,193,852.3855392699195,True,0,0.682554595010387
39,245,954.3030633917637,True,0,0.6757290490602831
40,156,761.3843834342456,True,0,0.6689717585696803
41,182,810.5875878573825,True,0,0.6622820409839835
42,194,853.0975182352907,True,0,0.6556592205741436
43,197,848.4612239374974,True,0,0.6491026283684022
44,212,897.6887472807658,True,0,0.6426116020847181
45,274,845.9710000927122,True,0,0.6361854860638709
46,167,817.060046340175,True,0,0.6298236312032323
47,176,820.5007326037983,True,0,0.6235253948912
48,303,1123.6018085015496,True,0,0.617290140942288
49,346,380.7892361533718,False,1,0.6111172395328651
50,288,488.5717680714288,False,1,0.6050060671375365
51,112,-49.235232270709794,False,1,0.5989560064661611
52,68,-67.99311907717866,False,1,0.5929664464014994
53,189,798.4770287421231,True,0,0.5870367819374844
54,289,1084.625213129503,True,0,0.5811664141181095
55,186,832.5340141361122,True,0,0.5753547499769285
56,295,1118.236069161786,True,0,0.5696012024771592
57,260,952.568711247696,True,0,0.5639051904523876
58,283,426.93183273813685,False,1,0.5582661385478638
59,595,1413.5243271412949,False,1,0.5526834771623851
60,174,807.3944442227669,True,0,0.5471566423907612
61,149,758.1846243864219,True,0,0.5416850759668536
62,190,874.3584601354964,True,0,0.536268225207185
63,163,781.7822726930724,True,0,0.5309055429551132
64,156,766.6709097288872,True,0,0.525596487525562
65,189,855.8938978731418,True,0,0.5203405226503064
66,187,850.5146427262666,True,0,0.5151371174238033
67,344,766.881488477804,False,1,0.5099857462495653
68,175,-7.050433773938352,False,1,0.5048858887870696
69,68,-89.7322016456915,False,1,0.4998370298991989
70,162,-14.547254152584316,False,1,0.49483865960020695
71,82,-75.67438119468407,False,1,0.4898902730042049
72,140,667.2161357160485,True,0,0.48499137027416284
73,151,760.6454156383418,True,0,0.4801414565714212
74,215,968.958852812045,True,0,0.475340042005707
75,229,930.859773260369,True,0,0.47058664158564995
76,174,807.8616330489688,True,0,0.4658807751697934
77,216,803.9379323195999,True,0,0.4612219674180955
78,302,643.1585928674435,False,1,0.45660974774391455
79,225,181.5203019689671,False,1,0.4520436502664754
80,211,227.92557862835548,False,1,0.44752321376381066
81,290,-2.503314773425359,False,1,0.44304798162617254
82,213,860.1924861290491,True,0,0.4386175018099108
83,130,674.278736332861,True,0,0.4342313267918117
84,171,820.848713345667,True,0,0.4298890135238936
85,158,755.3533719768841,True,0,0.42559012338865465
86,157,808.8331935915744,True,0,0.4213342221547681
87,151,788.4753976262969,True,0,0.41712087993322045
88,232,867.9100009710165,True,0,0.41294967113388825
89,160,794.038076640182,True,0,0.40882017442254937
90,145,768.8506378825871,True,0,0.4047319726783239
91,153,775.2746280569215,True,0,0.40068465295154065
92,206,875.6754192773516,True,0,0.39667780642202527
93,228,914.4619987215119,True,0,0.392711028357805
94,196,853.1797979376444,True,0,0.38878391807422696
95,324,897.0444403997803,True,0,0.3848960788934847
96,287,1109.0307074638447,True,0,0.38104711810454983
97,288,439.6303573047554,False,1,0.37723664692350434
98,161,766.9208053440309,True,0,0.37346428045426927
99,147,735.4311389048883,True,0,0.36972963764972655
100,145,749.0670592902356,True,0,0.36603234127322926
101,188,861.8122396867533,True,0,0.36237201786049694
102,194,881.6905336977732,True,0,0.358748297681892
103,144,752.1438272407601,True,0,0.35516081470507305
104,153,779.9787496229144,True,0,0.3516092065580223
105,167,849.6757518169644,True,0,0.34809311449244207
106,179,839.0662100706533,True,0,0.34461218334751764
107,152,771.8133550410141,True,0,0.34116606151404244
108,342,1178.0171202339852,True,0,0.337754400898902
109,124,696.1042835659034,True,0,0.334376856889913
110,168,842.3612778327655,True,0,0.33103308832101386
111,145,746.1912827511269,True,0,0.3277227574378037
112,165,810.5563999423898,True,0,0.3244455298634257
113,139,753.2799530707213,True,0,0.3212010745647914
114,153,794.5079074040076,True,0,0.3179890638191435
115,174,820.6585600039992,True,0,0.31480917318095203
116,151,779.563872356893,True,0,0.3116610814491425
117,373,1222.7501616618733,True,0,0.30854447063465107
118,156,744.2031570297153,True,0,0.30545902592830454
119,315,821.7846618987533,True,0,0.3024044356690215
120,219,409.78161281093645,False,1,0.29938039131233124
121,220,801.0490861588457,True,0,0.2963865873992079
122,293,1058.3328414539346,True,0,0.29342272152521587
123,127,679.2347485365307,True,0,0.2904884943099637
124,153,789.5275804683604,True,0,0.28758360936686406
125,155,782.7985776707574,True,0,0.2847077732731954
126,163,813.2097190430069,True,0,0.28186069554046345
127,341,1063.2147367123623,True,0,0.2790420885850588
128,148,731.1760503990824,True,0,0.2762516676992082
129,148,758.5785840876832,True,0,0.27348915102221616
130,270,612.5368953093869,False,1,0.270754259511994
131,394,913.3020359101776,False,1,0.26804671691687404
132,374,1222.3270853519361,True,0,0.2653662497477053
133,289,31.546568768779096,False,1,0.2627125872502282
134,108,-56.07311329947785,False,1,0.2600854613777259
135,320,1053.5176988025207,True,0,0.2574846067639487
136,112,606.4393004501475,True,0,0.2549097606963092
137,133,670.2701806884132,True,0,0.2523606630893461
138,360,1286.5838675359657,True,0,0.24983705645845267
139,359,749.5953733907083,True,0,0.24733868589386815
140,133,725.0942250780604,True,0,0.24486529903492946
141,113,664.6686765758448,True,0,0.24241664604458016
142,128,722.789741990685,True,0,0.23999247958413436
143,115,658.8876137350711,True,0,0.23759255478829303
144,107,646.9755000169621,True,0,0.2352166292404101
145,202,909.3044398223865,True,0,0.232864462948006
146,112,669.7692452758663,True,0,0.23053581831852593
147,114,671.7246036989732,True,0,0.22823046013534068
148,207,934.1228721992471,True,0,0.22594815553398728
149,130,714.6340185534365,True,0,0.22368867397864742
150,208,906.5292836721076,True,0,0.22145178723886094
151,142,767.9627593710466,True,0,0.21923726936647234
152,137,747.5540414768767,True,0,0.2170448966728076
153,116,670.3521515171924,True,0,0.21487444770607952
154,147,772.049047305291,True,0,0.21272570322901874
155,136,745.8449985349288,True,0,0.21059844619672854
156,161,782.8295429635918,True,0,0.20849246173476127
157,147,779.2219322062398,True,0,0.20640753711741366
158,389,525.4501463531783,False,1,0.20434346174623952
159,119,668.639399439628,True,0,0.20230002712877712
160,200,903.803269818723,True,0,0.20027702685748935
161,128,732.4949847124967,True,0,0.19827425658891445
162,132,726.6731359354508,True,0,0.1962915140230253
163,165,798.9942355405108,True,0,0.19432859888279505
164,111,657.0900365962881,True,0,0.1923853128939671
165,134,738.2841741151701,True,0,0.19046145976502743
166,130,733.22316614159,True,0,0.18855684516737714
167,125,708.9736807375846,True,0,0.18667127671570335
168,181,854.1680832470115,True,0,0.18480456394854633
169,99,624.7647580162742,True,0,0.18295651830906087
170,153,766.3648787344125,True,0,0.18112695312597027
171,241,857.715004686535,True,0,0.17931568359471056
172,145,716.4202640514335,True,0,0.17752252675876345
173,107,633.6344571869245,True,0,0.17574730149117582
174,94,615.1075895172099,True,0,0.17398982847626407
175,141,757.732646175816,True,0,0.17224993019150142
176,123,712.1803618078529,True,0,0.1705274308895864
177,120,693.7752578861862,True,0,0.16882215658069055
178,149,775.220225465782,True,0,0.16713393501488363
179,158,782.1259480675824,True,0,0.16546259566473479
180,185,735.1127545681669,True,0,0.16380796970808745
181,89,587.2052520154662,True,0,0.16216989001100657
182,185,912.6258591485008,True,0,0.1605481911108965
183,292,985.3617409437136,True,0,0.15894270919978754
184,107,644.292117888705,True,0,0.15735328210778965
185,105,634.8518672520956,True,0,0.15577974928671176
186,178,843.2467508216549,True,0,0.15422195179384465
187,177,817.1086744021233,True,0,0.1526797322759062
188,197,861.3133350225963,True,0,0.15115293495314713
189,258,999.3765698401223,True,0,0.14964140560361566
190,112,675.1257140052428,True,0,0.1481449915475795
191,113,672.9204654052837,True,0,0.1466635416321037
192,147,738.4847408124624,True,0,0.14519690621578268
193,167,799.5727721761627,True,0,0.14374493715362485
194,134,747.3207962368926,True,0,0.1423074877820886
195,105,638.3980567385288,True,0,0.1408844129042677
196,101,619.8542421668941,True,0,0.13947556877522502
197,165,807.1915336103291,True,0,0.13808081308747278
198,136,723.1463223242777,True,0,0.13670000495659804
199,126,710.1092011780449,True,0,0.13533300490703207
200,119,686.6772238507274,True,0,0.13397967485796175
201,186,840.9265357616193,True,0,0.13263987810938213
202,148,784.0305306634855,True,0,0.1313134793282883
203,129,634.303204640104,True,0,0.13000034453500542
204,159,825.6350462861866,True,0,0.12870034108965536
205,152,807.2181185392433,True,0,0.12741333767875881
206,117,684.8115122524468,True,0,0.12613920430197123
207,94,607.2242245087676,True,0,0.12487781225895152
208,193,896.4880660506277,True,0,0.123629034136362
209,182,741.6399069656957,True,0,0.12239274379499838
210,233,1035.1225278109587,True,0,0.1211688163570484
211,217,814.3164295917283,True,0,0.11995712819347792
212,207,863.3180065525364,True,0,0.11875755691154315
213,539,1722.5860979154002,True,0,0.11756998134242772
214,157,731.6393916268025,True,0,0.11639428152900344
215,234,458.43782665608535,False,1,0.11523033871371341
216,169,226.75656432731967,False,1,0.11407803532657627
217,107,610.8871355984621,True,0,0.11293725497331052
218,177,839.235421101415,True,0,0.1118078824235774
219,242,974.4074526733716,True,0,0.11068980359934164
220,244,982.7262790146264,True,0,0.10958290556334822
221,91,590.0504351863736,True,0,0.10848707650771475
222,91,594.8312417089151,True,0,0.1074022057426376
223,138,761.7965417548253,True,0,0.10632818368521123
224,89,585.2579989463715,True,0,0.10526490184835911
225,177,839.8638088873554,True,0,0.10421225282987552
226,102,634.3948444378974,True,0,0.10317013030157676
227,115,670.5231614020543,True,0,0.10213842899856099
228,105,651.035873616155,True,0,0.10111704470857538
229,143,779.1698625493643,True,0,0.10010587426148963
230,98,625.6957020541402,True,0,0.09910481551887473
231,157,766.8963597983436,True,0,0.09811376736368599
232,81,565.287405528835,True,0,0.09713262969004913
233,94,608.1520581278191,True,0,0.09616130339314863
234,160,790.803230578297,True,0,0.09519969035921715
235,86,573.673922732771,True,0,0.09424769345562498
236,87,586.2575671014359,True,0,0.09330521652106873
237,200,918.8723462804988,True,0,0.09237216435585804
238,110,598.2117563682941,True,0,0.09144844271229946
239,108,651.6859772752806,True,0,0.09053395828517646
240,91,597.0957686809392,True,0,0.08962861870232469
241,156,774.4867596253714,True,0,0.08873233251530144
242,135,749.6372217379253,True,0,0.08784500919014843
243,116,686.340840549408,True,0,0.08696655909824694
244,91,595.8730187408398,True,0,0.08609689350726446
245,151,755.1849776006002,True,0,0.08523592457219181
246,145,723.1355324397917,True,0,0.0843835653264699
247,85,571.5253415565448,True,0,0.0835397296732052
248,94,607.6989165682235,True,0,0.08270433237647315
249,82,565.8671535523183,True,0,0.08187728905270841
250,215,927.6860790174951,True,0,0.08105851616218133
251,178,765.4237731690906,True,0,0.08024793100055952
252,118,686.7593831128395,True,0,0.07944545169055392
253,208,812.3993367644138,True,0,0.07865099717364837
254,149,730.8768971842048,True,0,0.07786448720191189
255,87,583.2212548232391,True,0,0.07708584232989277
256,98,620.7765547634823,True,0,0.07631498390659384
257,85,576.2133982367318,True,0,0.07555183406752791
258,81,563.0045291158337,True,0,0.07479631572685264
259,203,947.0057189922403,True,0,0.07404835256958411
260,78,556.9961649587887,True,0,0.07330786904388827
261,80,561.8776126161338,True,0,0.07257479035344938
262,79,557.9256992204914,True,0,0.07184904244991488
263,109,661.4343575253286,True,0,0.07113055202541574
264,101,635.5093159966013,True,0,0.07041924650516158
265,95,606.1839263234586,True,0,0.06971505404010997
266,128,716.8350461371501,True,0,0.06901790349970886
267,174,837.448904656532,True,0,0.06832772446471178
268,99,629.4663830940096,True,0,0.06764444722006466
269,92,606.6110129763528,True,0,0.066968002747864
270,86,586.6072349284256,True,0,0.06629832272038537
271,165,803.4834535772172,True,0,0.06563533949318151
272,79,559.607779966389,True,0,0.06497898609824969
273,84,572.7507906134847,True,0,0.0643291962372672
274,152,747.1578352020686,True,0,0.06368590427489453
275,86,581.1822151753606,True,0,0.06304904523214558
276,112,674.2549128427024,True,0,0.06241855477982412
277,105,650.3550499172238,True,0,0.06179436923202588
278,191,756.3410356376196,True,0,0.06117642553970562
279,83,561.8902381196093,True,0,0.06056466128430856
280,84,572.8046530144416,True,0,0.05995901467146548
281,81,560.7181845500368,True,0,0.05935942452475082
282,124,722.449394453738,True,0,0.058765830279503314
283,111,673.6159861189153,True,0,0.05817817197670828
284,162,797.9012259911749,True,0,0.057596390256941195
285,91,599.5345297466174,True,0,0.05702042635437178
286,81,565.0987793243364,True,0,0.05645022209082806
287,82,571.691639333233,True,0,0.05588571986991978
288,87,582.0317569737401,True,0,0.055326862671220584
289,108,655.6703850730194,True,0,0.05477359404450838
290,80,562.0314407331614,True,0,0.054225858104063294
291,128,731.1117647043901,True,0,0.05368359952302266
292,88,587.3129283200692,True,0,0.053146763527792434
293,96,619.0311691810007,True,0,0.052615295892514506
294,124,669.1715146820329,True,0,0.052089142933589364
295,81,560.4175178405596,True,0,0.05156825150425347
296,125,714.0637290343832,True,0,0.051052568989210935
297,287,1018.6454264661277,True,0,0.05054204329931883
298,198,246.15570267444173,False,1,0.05003662286632564
299,239,759.9699495146235,True,0,0.04953625663766238
300,132,171.23886238379274,False,1,0.04904089407128576
301,119,-40.005071716138026,False,1,0.0485504851305729
302,104,637.6507634812142,True,0,0.048064980279267165
303,83,575.7588985876016,True,0,0.04758433047647449
304,84,576.9475291966354,True,0,0.04710848717170975
305,85,575.6626115667343,True,0,0.04663740229999265
306,188,878.1197449203858,True,0,0.04617102827699272
307,84,571.4777857898448,True,0,0.045709317994222794
308,87,580.6189598016432,True,0,0.04525222481428057
309,142,720.786217727437,True,0,0.04479970256613776
310,90,597.4260781774548,True,0,0.04435170554047638
311,81,562.2409748873617,True,0,0.043908188485071616
312,96,614.2028559366393,True,0,0.0434691066002209
313,79,558.4881443885783,True,0,0.04303441553421869
314,140,772.2134017260273,True,0,0.0426040713788765
315,91,593.1695115360883,True,0,0.04217803066508773
316,81,564.3324079125028,True,0,0.04175625035843686
317,82,568.1275879249299,True,0,0.041338687854852486
318,90,588.7163521561856,True,0,0.04092530097630396
319,100,628.0385840826445,True,0,0.040516047966540916
320,102,641.4213729854171,True,0,0.04011088748687551
321,103,643.2998670167636,True,0,0.03970977861200675
322,133,745.7102696976729,True,0,0.03931268082588668
323,146,736.5037207498387,True,0,0.03891955401762781
324,79,557.9239955809675,True,0,0.03853035847745153
325,82,564.6547153534351,True,0,0.03814505489267701
326,90,593.5425187849992,True,0,0.03776360434375024
327,94,612.123061388729,True,0,0.03738596830031274
328,95,614.4304152047014,True,0,0.03701210861730961
329,117,694.6942228631951,True,0,0.03664198753113651
330,97,623.2484471264654,True,0,0.036275567655825146
331,101,632.4344113818061,True,0,0.03591281197926689
332,91,604.5980923773632,True,0,0.035553683859474224
333,80,562.5845665420776,True,0,0.03519814702087948
334,90,595.733189202475,True,0,0.03484616555067068
335,313,1173.7672116220583,True,0,0.034497703895163975
336,195,728.007568705417,True,0,0.03415272685621234
337,96,-73.28394241803042,False,1,0.03381119958765021
338,155,219.58738917680085,False,1,0.03347308759177371
339,135,253.6653477008947,False,1,0.03313835671585597
340,200,186.63888560848187,False,1,0.03280697314869741
341,103,576.8834949136779,True,0,0.032478903417210436
342,82,569.0355545332493,True,0,0.032154114383038335
343,103,587.4285020001706,True,0,0.03183257323920795
344,79,557.9255553436035,True,0,0.03151424750681587
345,79,558.4886976286871,True,0,0.03119910503174771
346,83,571.0393843657082,True,0,0.030887113981430233
347,122,705.8393635374052,True,0,0.03057824284161593
348,96,618.4225337422429,True,0,0.03027246041319977
349,79,557.7532409701307,True,0,0.029969735809067772
350,83,575.2803026286165,True,0,0.029969735809067772
351,139,762.2474791945046,True,0,0.029969735809067772
352,114,679.8716569774804,True,0,0.029969735809067772
353,86,576.416449324958,True,0,0.029969735809067772
354,169,807.4805252926259,True,0,0.029969735809067772
355,82,569.130039851027,True,0,0.029969735809067772
356,79,558.4887302345114,True,0,0.029969735809067772
357,81,565.0575201192783,True,0,0.029969735809067772
358,81,565.0987080966677,True,0,0.029969735809067772
359,125,719.5437741240316,True,0,0.029969735809067772
360,79,558.4887864813422,True,0,0.029969735809067772
361,103,644.3243100810105,True,0,0.029969735809067772
362,95,616.6734014153267,True,0,0.029969735809067772
363,95,616.7404784812001,True,0,0.029969735809067772
364,79,558.4887034432522,True,0,0.029969735809067772
365,83,567.4062803780616,True,0,0.029969735809067772
366,79,558.4886468491425,True,0,0.029969735809067772
367,173,826.2996194716848,True,0,0.029969735809067772
368,81,565.026915999498,True,0,0.029969735809067772
369,82,569.4348165454142,True,0,0.029969735809067772
370,85,570.3158698802004,True,0,0.029969735809067772
371,81,565.6667415004531,True,0,0.029969735809067772
372,79,558.4887093443451,True,0,0.029969735809067772
373,107,658.8963991020333,True,0,0.029969735809067772
374,173,768.287966386566,True,0,0.029969735809067772
375,162,782.6787989318198,True,0,0.029969735809067772
376,81,558.3748633122173,True,0,0.029969735809067772
377,79,557.9009590227924,True,0,0.029969735809067772
378,79,558.4887056330374,True,0,0.029969735809067772
379,87,580.659061345498,True,0,0.029969735809067772
380,80,561.7027636171297,True,0,0.029969735809067772
381,81,565.702893432318,True,0,0.029969735809067772
382,156,782.8603106727185,True,0,0.029969735809067772
383,157,774.3618607274598,True,0,0.029969735809067772
384,81,560.29128867708,True,0,0.029969735809067772
385,79,558.4887938979589,True,0,0.029969735809067772
386,79,558.4886994872136,True,0,0.029969735809067772
387,83,572.0167871024673,True,0,0.029969735809067772
388,81,564.4407468125403,True,0,0.029969735809067772
389,100,630.2038597261258,True,0,0.029969735809067772
390,84,568.2518497152487,True,0,0.029969735809067772
391,113,682.2776752814189,True,0,0.029969735809067772
392,161,783.4166343746213,True,0,0.029969735809067772
393,79,558.4887323584588,True,0,0.029969735809067772
394,80,558.4755918633916,True,0,0.029969735809067772
395,79,558.4886727658309,True,0,0.029969735809067772
396,79,558.488684107968,True,0,0.029969735809067772
397,81,564.6676327204854,True,0,0.029969735809067772
398,81,560.9275896895226,True,0,0.029969735809067772
399,122,712.5732870938261,True,0,0.029969735809067772
400,85,580.3027286257912,True,0,0.029969735809067772
401,95,616.3094755848065,True,0,0.029969735809067772
402,182,851.6547968080579,True,0,0.029969735809067772
403,79,558.4891821173853,True,0,0.029969735809067772
404,79,557.8495067347337,True,0,0.029969735809067772
405,84,571.4595852843199,True,0,0.029969735809067772
406,81,567.053834862543,True,0,0.029969735809067772
407,83,574.8640490644684,True,0,0.029969735809067772
408,79,558.488650330073,True,0,0.029969735809067772
409,176,841.7226567225641,True,0,0.029969735809067772
410,92,601.9989844502923,True,0,0.029969735809067772
411,140,714.6324269701738,True,0,0.029969735809067772
412,81,562.214538136924,True,0,0.029969735809067772
413,82,569.1113988779209,True,0,0.029969735809067772
414,81,565.4087600899484,True,0,0.029969735809067772
415,81,564.5662807673353,True,0,0.029969735809067772
416,80,562.4791973625713,True,0,0.029969735809067772
417,142,774.2594257677259,True,0,0.029969735809067772
418,83,566.5848345491959,True,0,0.029969735809067772
419,173,828.503482322432,True,0,0.029969735809067772
420,79,558.4886474343512,True,0,0.029969735809067772
421,82,563.504945046961,True,0,0.029969735809067772
422,79,558.4887345831088,True,0,0.029969735809067772
423,86,582.782691274207,True,0,0.029969735809067772
424,137,750.1755899292177,True,0,0.029969735809067772
425,83,573.811765512198,True,0,0.029969735809067772
426,118,700.2158171253461,True,0,0.029969735809067772
427,79,557.9257301961777,True,0,0.029969735809067772
428,79,557.9086747896836,True,0,0.029969735809067772
429,114,685.4043746536552,True,0,0.029969735809067772
430,80,562.2854177072696,True,0,0.029969735809067772
431,79,558.4886831100521,True,0,0.029969735809067772
432,79,557.9240008199315,True,0,0.029969735809067772
433,129,728.3987406705221,True,0,0.029969735809067772
434,92,602.7140837012864,True,0,0.029969735809067772
435,107,655.5888202215258,True,0,0.029969735809067772
436,107,655.3339262877178,True,0,0.029969735809067772
437,82,567.4717016933357,True,0,0.029969735809067772
438,105,651.2281256476804,True,0,0.029969735809067772
439,157,770.2206291670706,True,0,0.029969735809067772
440,86,581.2095163666879,True,0,0.029969735809067772
441,81,565.257408597446,True,0,0.029969735809067772
442,80,561.6384418183327,True,0,0.029969735809067772
443,184,855.3937745679355,True,0,0.029969735809067772
444,216,204.3694504423525,False,1,0.029969735809067772
445,82,558.7955355280335,True,0,0.029969735809067772
446,79,558.4887032715466,True,0,0.029969735809067772
447,84,571.2888674649766,True,0,0.029969735809067772
448,83,566.3123148848581,True,0,0.029969735809067772
449,149,746.6332432512156,True,0,0.029969735809067772
450,132,688.8882322210059,True,0,0.029969735809067772
451,79,557.9139255918737,True,0,0.029969735809067772
452,80,563.5320050126224,True,0,0.029969735809067772
453,79,558.4887401999176,True,0,0.029969735809067772
454,80,562.9896054936764,True,0,0.029969735809067772
455,85,582.6023495757875,True,0,0.029969735809067772
456,79,558.4887195625308,True,0,0.029969735809067772
457,79,557.9213652021828,True,0,0.029969735809067772
458,111,674.5728406159062,True,0,0.029969735809067772
459,106,651.1795222992475,True,0,0.029969735809067772
460,99,631.0120473260677,True,0,0.029969735809067772
461,95,616.7405769796694,True,0,0.029969735809067772
462,82,570.14514478192,True,0,0.029969735809067772
463,95,615.7022737564696,True,0,0.029969735809067772
464,127,721.8596693032099,True,0,0.029969735809067772
465,81,566.2707214515381,True,0,0.029969735809067772
466,108,653.4541723022247,True,0,0.029969735809067772
467,95,616.1075395040482,True,0,0.029969735809067772
468,85,574.0628415535741,True,0,0.029969735809067772
469,112,675.1908961393935,True,0,0.029969735809067772
470,81,563.6989740629351,True,0,0.029969735809067772
471,90,599.5407187720621,True,0,0.029969735809067772
472,115,683.4819435654431,True,0,0.029969735809067772
473,112,676.4384306773909,True,0,0.029969735809067772
474,85,573.8607135134775,True,0,0.029969735809067772
475,92,602.9478927512031,True,0,0.029969735809067772
476,201,919.8429842624593,True,0,0.029969735809067772
477,81,565.6671047194861,True,0,0.029969735809067772
478,81,560.8620504591779,True,0,0.029969735809067772
479,79,560.2004988344117,True,0,0.029969735809067772
480,84,577.8330701043983,True,0,0.029969735809067772
481,86,581.3165275651347,True,0,0.029969735809067772
482,79,557.9239350969032,True,0,0.029969735809067772
483,116,690.0941043451816,True,0,0.029969735809067772
484,159,784.375344018079,True,0,0.029969735809067772
485,83,567.9567101967262,True,0,0.029969735809067772
486,79,557.9065653380275,True,0,0.029969735809067772
487,78,556.225508818824,True,0,0.029969735809067772
488,130,733.2116215204752,True,0,0.029969735809067772
489,81,564.8530805838803,True,0,0.029969735809067772
490,84,576.318390304651,True,0,0.029969735809067772
491,170,820.0824500991198,True,0,0.029969735809067772
492,165,799.8826204428731,True,0,0.029969735809067772
493,79,558.4885344355082,True,0,0.029969735809067772
494,79,557.9130648607164,True,0,0.029969735809067772
495,80,559.6832829124648,True,0,0.029969735809067772
496,84,567.8379803890086,True,0,0.029969735809067772
497,81,566.1112829196941,True,0,0.029969735809067772
498,81,565.7023939671733,True,0,0.029969735809067772
499,81,565.6744011259689,True,0,0.029969735809067772
500,79,558.488777933085,True,0,0.029969735809067772
501,173,829.7634812626387,True,0,0.029969735809067772
502,81,562.8148404839449,True,0,0.029969735809067772
503,81,560.7312763999187,True,0,0.029969735809067772
504,126,719.3479412278082,True,0,0.029969735809067772
505,96,619.8612178719495,True,0,0.029969735809067772
506,95,616.1584816457511,True,0,0.029969735809067772
507,90,597.7546908483597,True,0,0.029969735809067772
508,94,603.6149153215349,True,0,0.029969735809067772
509,176,846.8209160469762,True,0,0.029969735809067772
510,80,559.6166966104872,True,0,0.029969735809067772
511,125,656.3836188230489,True,0,0.029969735809067772
512,79,557.9026304974809,True,0,0.029969735809067772
513,82,567.0310570731134,True,0,0.029969735809067772
514,126,670.7471487193156,True,0,0.029969735809067772
515,86,570.9524683710467,True,0,0.029969735809067772
516,120,703.7756125616049,True,0,0.029969735809067772
517,81,566.3073631934371,True,0,0.029969735809067772
518,90,598.9059744885711,True,0,0.029969735809067772
519,219,981.5951425131303,True,0,0.029969735809067772
520,145,628.2725473267064,True,0,0.029969735809067772
521,173,694.302934492777,True,0,0.029969735809067772
522,154,294.89513105182954,False,1,0.029969735809067772
523,317,1143.5724827980666,True,0,0.029969735809067772
524,113,156.51038547479055,False,1,0.029969735809067772
525,216,266.2868770463505,False,1,0.029969735809067772
526,140,-30.644315237619224,False,1,0.029969735809067772
527,127,188.1752072179778,False,1,0.029969735809067772
528,346,316.96007623276336,False,1,0.029969735809067772
529,231,147.9006815024792,False,1,0.029969735809067772
530,142,669.7235316435792,True,0,0.029969735809067772
531,134,564.0580417769355,True,0,0.029969735809067772
532,108,555.9427019100538,True,0,0.029969735809067772
533,109,558.1830113640905,True,0,0.029969735809067772
534,154,720.9286639777998,True,0,0.029969735809067772
535,109,558.3923604936522,True,0,0.029969735809067772
536,163,735.427081941322,True,0,0.029969735809067772
537,111,562.1502488331253,True,0,0.029969735809067772
538,151,651.7675139455648,True,0,0.029969735809067772
539,188,809.5861406406789,True,0,0.029969735809067772
540,235,880.6749551457259,True,0,0.029969735809067772
541,311,26.30439065583819,False,1,0.029969735809067772
542,88,-152.7424998972382,False,1,0.029969735809067772
543,93,-143.15896285448326,False,1,0.029969735809067772
544,62,-83.2797723589948,False,1,0.029969735809067772
545,140,149.13505781964795,False,1,0.029969735809067772
546,116,144.65768677045847,False,1,0.029969735809067772
547,116,197.73728303803853,False,1,0.029969735809067772
548,121,175.82882285574712,False,1,0.029969735809067772
549,182,123.17061951714686,False,1,0.029969735809067772
550,120,209.72228855099775,False,1,0.029969735809067772
551,115,182.43329637412302,False,1,0.029969735809067772
552,114,158.12059665707724,False,1,0.029969735809067772
553,116,157.31494594187333,False,1,0.029969735809067772
554,171,132.2514091390319,False,1,0.029969735809067772
555,114,166.62920278469082,False,1,0.029969735809067772
556,125,229.56555444968683,False,1,0.029969735809067772
557,116,205.93158257174548,False,1,0.029969735809067772
558,343,1243.667357373315,True,0,0.029969735809067772
559,116,147.615545476155,False,1,0.029969735809067772
560,140,672.1517503327661,True,0,0.029969735809067772
561,83,562.9825565495697,True,0,0.029969735809067772
562,79,558.488693330156,True,0,0.029969735809067772
563,79,555.8118317972021,True,0,0.029969735809067772
564,92,604.2496478244361,True,0,0.029969735809067772
565,88,590.4432431288832,True,0,0.029969735809067772
566,80,563.3853412838642,True,0,0.029969735809067772
567,90,597.4621376147884,True,0,0.029969735809067772
568,199,913.6282231232058,True,0,0.029969735809067772
569,83,567.1347688809145,True,0,0.029969735809067772
570,81,559.500874615328,True,0,0.029969735809067772
571,83,574.5273082894008,True,0,0.029969735809067772
572,79,558.488699123903,True,0,0.029969735809067772
573,85,571.4516099928665,True,0,0.029969735809067772
574,111,668.6073693490803,True,0,0.029969735809067772
575,99,628.0234322047886,True,0,0.029969735809067772
576,118,692.8682491125454,True,0,0.029969735809067772
577,87,576.35134933974,True,0,0.029969735809067772
578,82,566.7492632473613,True,0,0.029969735809067772
579,84,572.6607585927748,True,0,0.029969735809067772
580,79,558.4886069804331,True,0,0.029969735809067772
581,175,834.3148806219679,True,0,0.029969735809067772
582,93,604.603965113454,True,0,0.029969735809067772
583,151,760.5220223919905,True,0,0.029969735809067772
584,79,558.4887576292087,True,0,0.029969735809067772
585,83,562.5663090038763,True,0,0.029969735809067772
586,89,594.3336489238559,True,0,0.029969735809067772
587,117,691.4946455276872,True,0,0.029969735809067772
588,113,675.3904051445468,True,0,0.029969735809067772
589,122,701.3509689021041,True,0,0.029969735809067772
590,80,562.2854388707858,True,0,0.029969735809067772
591,79,558.4887110489508,True,0,0.029969735809067772
592,82,569.1113733002719,True,0,0.029969735809067772
593,94,612.6039437516899,True,0,0.029969735809067772
594,79,558.4887616748606,True,0,0.029969735809067772
595,82,570.3940885283516,True,0,0.029969735809067772
596,88,583.3516609839552,True,0,0.029969735809067772
597,96,616.75579410932,True,0,0.029969735809067772
598,83,568.2892158124898,True,0,0.029969735809067772
599,84,570.8682421050949,True,0,0.029969735809067772
600,154,761.4794310842567,True,0,0.029969735809067772
601,79,558.4887609121665,True,0,0.029969735809067772
602,81,560.7979312251333,True,0,0.029969735809067772
603,81,560.0719148821404,True,0,0.029969735809067772
604,116,691.7014080789547,True,0,0.029969735809067772
605,99,630.1261417160069,True,0,0.029969735809067772
606,92,599.1405784125802,True,0,0.029969735809067772
607,121,695.9944411880927,True,0,0.029969735809067772
608,182,860.3158718699268,True,0,0.029969735809067772
609,80,558.6903244822647,True,0,0.029969735809067772
610,80,564.3454251108326,True,0,0.029969735809067772
611,81,565.1145570751166,True,0,0.029969735809067772
612,117,693.0084209670686,True,0,0.029969735809067772
613,165,796.8856329455373,True,0,0.029969735809067772
614,105,596.2598976373359,True,0,0.029969735809067772
615,82,566.1857084440358,True,0,0.029969735809067772
616,157,770.6082596691135,True,0,0.029969735809067772
617,226,967.872070741155,True,0,0.029969735809067772
618,212,883.5631333075464,True,0,0.029969735809067772
619,82,564.6221173921201,True,0,0.029969735809067772
620,83,572.1598671110751,True,0,0.029969735809067772
621,123,659.046513111867,True,0,0.029969735809067772
622,82,561.8687304519492,True,0,0.029969735809067772
623,83,568.8747164656044,True,0,0.029969735809067772
624,125,718.4941493059066,True,0,0.029969735809067772
625,100,633.4005949310672,True,0,0.029969735809067772
626,90,584.2270759948019,True,0,0.029969735809067772
627,90,597.2630494479386,True,0,0.029969735809067772
628,79,558.4886232641285,True,0,0.029969735809067772
629,84,570.1048714569779,True,0,0.029969735809067772
630,80,561.7008487671769,True,0,0.029969735809067772
631,167,790.8433226177465,True,0,0.029969735809067772
632,135,748.9565588405042,True,0,0.029969735809067772
633,81,560.7063725864834,True,0,0.029969735809067772
634,84,571.1772906012354,True,0,0.029969735809067772
635,171,828.554434889942,True,0,0.029969735809067772
636,84,570.9724015775769,True,0,0.029969735809067772
637,93,607.486518785076,True,0,0.029969735809067772
638,97,612.1801741636307,True,0,0.029969735809067772
639,111,672.0371949660796,True,0,0.029969735809067772
640,105,647.9195307207506,True,0,0.029969735809067772
641,159,772.6470115577479,True,0,0.029969735809067772
642,168,810.8551536076673,True,0,0.029969735809067772
643,79,555.8249135220003,True,0,0.029969735809067772
644,79,557.9008957814377,True,0,0.029969735809067772
645,86,576.6340435258107,True,0,0.029969735809067772
646,83,572.4904902620798,True,0,0.029969735809067772
647,80,562.8108643297469,True,0,0.029969735809067772
648,123,659.2875352018889,True,0,0.029969735809067772
649,80,561.9475998815667,True,0,0.029969735809067772
650,81,565.3010566629293,True,0,0.029969735809067772
651,119,700.8221331684337,True,0,0.029969735809067772
652,105,648.1881826314244,True,0,0.029969735809067772
653,96,619.8738544172288,True,0,0.029969735809067772
654,97,623.5789522635347,True,0,0.029969735809067772
655,151,755.6707195776751,True,0,0.029969735809067772
656,81,558.055125815511,True,0,0.029969735809067772
657,81,566.9678319936365,True,0,0.029969735809067772
658,85,577.8531573628429,True,0,0.029969735809067772
659,85,579.5889449801434,True,0,0.029969735809067772
660,113,677.2384945769068,True,0,0.029969735809067772
661,160,787.9660075661445,True,0,0.029969735809067772
662,79,558.4886395648091,True,0,0.029969735809067772
663,84,573.67505820354,True,0,0.029969735809067772
664,79,560.8412599485346,True,0,0.029969735809067772
665,146,745.1964489902556,True,0,0.029969735809067772
666,82,563.740316515956,True,0,0.029969735809067772
667,82,568.7839593645485,True,0,0.029969735809067772
668,129,730.8881175310732,True,0,0.029969735809067772
669,86,576.5980044642549,True,0,0.029969735809067772
670,108,662.2388000515157,True,0,0.029969735809067772
671,87,588.541812881595,True,0,0.029969735809067772
672,105,652.3921496804726,True,0,0.029969735809067772
673,87,588.2706463768924,True,0,0.029969735809067772
674,82,564.8849015866397,True,0,0.029969735809067772
675,85,570.575512546736,True,0,0.029969735809067772
676,80,561.6870832804561,True,0,0.029969735809067772
677,184,855.2230483152948,True,0,0.029969735809067772
678,218,179.06404309367957,False,1,0.029969735809067772
679,205,307.31920516984263,False,1,0.029969735809067772
680,198,374.8782096138664,False,1,0.029969735809067772
681,96,566.2126418606695,True,0,0.029969735809067772
682,86,581.0748851973669,True,0,0.029969735809067772
683,81,565.0565914548033,True,0,0.029969735809067772
684,79,558.4887344332188,True,0,0.029969735809067772
685,80,564.7825775855563,True,0,0.029969735809067772
686,79,558.488655198003,True,0,0.029969735809067772
687,80,562.3487818222985,True,0,0.029969735809067772
688,84,573.597370868559,True,0,0.029969735809067772
689,82,564.7188239413,True,0,0.029969735809067772
690,80,561.7028095412767,True,0,0.029969735809067772
691,84,576.1508022616415,True,0,0.029969735809067772
692,79,558.4881275300756,True,0,0.029969735809067772
693,83,570.4008154639106,True,0,0.029969735809067772
694,81,564.293555481133,True,0,0.029969735809067772
695,114,636.7599987891826,True,0,0.029969735809067772
696,79,558.4887623381178,True,0,0.029969735809067772
697,79,558.4888381187383,True,0,0.029969735809067772
698,96,618.3270755826652,True,0,0.029969735809067772
699,90,598.7960120119694,True,0,0.029969735809067772
700,185,869.1114696196897,True,0,0.029969735809067772
701,82,570.3836873951842,True,0,0.029969735809067772
702,79,558.4886397282767,True,0,0.029969735809067772
703,81,565.7599834901309,True,0,0.029969735809067772
704,80,559.517551649986,True,0,0.029969735809067772
705,88,579.0123896473629,True,0,0.029969735809067772
706,79,558.4886820401489,True,0,0.029969735809067772
707,175,837.144509468987,True,0,0.029969735809067772
708,137,702.3198071396187,True,0,0.029969735809067772
709,81,565.1851796837796,True,0,0.029969735809067772
710,80,562.6074280316141,True,0,0.029969735809067772
711,101,636.4547002115928,True,0,0.029969735809067772
712,79,558.4887441022792,True,0,0.029969735809067772
713,79,558.4886677180341,True,0,0.029969735809067772
714,124,711.5321836723015,True,0,0.029969735809067772
715,84,570.8703368038182,True,0,0.029969735809067772
716,85,581.6838444831046,True,0,0.029969735809067772
717,176,839.3168196859071,True,0,0.029969735809067772
718,79,558.4886610193566,True,0,0.029969735809067772
719,79,558.4886580074341,True,0,0.029969735809067772
720,79,558.4887617215222,True,0,0.029969735809067772
721,83,566.7174897263824,True,0,0.029969735809067772
722,81,561.2837383735346,True,0,0.029969735809067772
723,114,679.9874683848664,True,0,0.029969735809067772
724,80,562.0390583451275,True,0,0.029969735809067772
725,120,694.1214028870296,True,0,0.029969735809067772
726,80,562.419642293381,True,0,0.029969735809067772
727,125,725.3357319738222,True,0,0.029969735809067772
728,110,667.7747499995625,True,0,0.029969735809067772
729,96,615.1165787460478,True,0,0.029969735809067772
730,109,666.9789904085235,True,0,0.029969735809067772
731,102,642.2625213603205,True,0,0.029969735809067772
732,107,656.9324542621628,True,0,0.029969735809067772
733,93,604.0904675269604,True,0,0.029969735809067772
734,102,636.9147682933253,True,0,0.029969735809067772
735,125,671.4377452497727,True,0,0.029969735809067772
736,81,565.0093030256232,True,0,0.029969735809067772
737,82,568.6093012348558,True,0,0.029969735809067772
738,132,738.2705865797062,True,0,0.029969735809067772
739,205,819.5610069914891,True,0,0.029969735809067772
740,85,579.1724184242771,True,0,0.029969735809067772
741,80,559.8043314630302,True,0,0.029969735809067772
742,98,619.4030448844869,True,0,0.029969735809067772
743,134,741.4963411167314,True,0,0.029969735809067772
744,83,571.9281572613038,True,0,0.029969735809067772
745,91,602.7588673597074,True,0,0.029969735809067772
746,79,557.8965791825558,True,0,0.029969735809067772
747,79,558.4887167003484,True,0,0.029969735809067772
748,89,594.982117125279,True,0,0.029969735809067772
749,82,567.2659153738996,True,0,0.029969735809067772
750,83,571.0057307331327,True,0,0.029969735809067772
751,164,800.5117940445471,True,0,0.029969735809067772
752,145,733.1788683401408,True,0,0.029969735809067772
753,152,753.5578244898279,True,0,0.029969735809067772
754,79,561.4051277543526,True,0,0.029969735809067772
755,89,593.7507459925428,True,0,0.029969735809067772
756,83,572.619496454927,True,0,0.029969735809067772
757,80,559.2894930059465,True,0,0.029969735809067772
758,79,557.9237285733323,True,0,0.029969735809067772
759,79,558.4886965757719,True,0,0.029969735809067772
760,80,562.5211499815246,True,0,0.029969735809067772
761,91,602.1891808641137,True,0,0.029969735809067772
762,187,869.8796151391514,True,0,0.029969735809067772
763,79,559.4155060710027,True,0,0.029969735809067772
764,81,565.0628575664384,True,0,0.029969735809067772
765,86,578.562017527754,True,0,0.029969735809067772
766,144,729.5800048451055,True,0,0.029969735809067772
767,79,558.4886061935279,True,0,0.029969735809067772
768,79,558.8530154166813,True,0,0.029969735809067772
769,79,558.4887435394187,True,0,0.029969735809067772
770,79,555.6312871079592,True,0,0.029969735809067772
771,81,568.761522121104,True,0,0.029969735809067772
772,190,887.0740993799932,True,0,0.029969735809067772
773,180,855.476311531616,True,0,0.029969735809067772
774,223,282.9736956492347,False,1,0.029969735809067772
775,1000,2202.2590686822205,False,0,0.029969735809067772
776,89,-61.74751367618867,False,1,0.029969735809067772
777,187,281.5323698319473,False,1,0.029969735809067772
778,90,557.7225535401917,True,0,0.029969735809067772
779,79,557.8990852214449,True,0,0.029969735809067772
780,79,557.925757745412,True,0,0.029969735809067772
781,89,591.7248943908969,True,0,0.029969735809067772
782,88,591.824933279394,True,0,0.029969735809067772
783,89,597.6900455369882,True,0,0.029969735809067772
784,86,586.3493456808557,True,0,0.029969735809067772
785,79,558.4887664053923,True,0,0.029969735809067772
786,109,667.5909767017007,True,0,0.029969735809067772
787,87,591.1043056799447,True,0,0.029969735809067772
788,107,657.625262165378,True,0,0.029969735809067772
789,107,660.5666923021167,True,0,0.029969735809067772
790,96,619.8737490452481,True,0,0.029969735809067772
791,83,574.7055660689001,True,0,0.029969735809067772
792,105,651.7493341144865,True,0,0.029969735809067772
793,83,575.8067915433353,True,0,0.029969735809067772
794,85,574.228271507606,True,0,0.029969735809067772
795,84,570.3038591592892,True,0,0.029969735809067772
796,81,564.8924945458846,True,0,0.029969735809067772
797,141,724.2574301009145,True,0,0.029969735809067772
798,93,608.7618400353876,True,0,0.029969735809067772
799,81,564.9180333916293,True,0,0.029969735809067772
800,109,667.2958093397835,True,0,0.029969735809067772
801,98,626.8531133387382,True,0,0.029969735809067772
802,85,570.7584631140608,True,0,0.029969735809067772
803,154,768.7513483189471,True,0,0.029969735809067772
804,87,584.3386723379406,True,0,0.029969735809067772
805,81,565.311912620174,True,0,0.029969735809067772
806,126,720.1015816566253,True,0,0.029969735809067772
807,80,561.112237895894,True,0,0.029969735809067772
808,105,652.2451558001553,True,0,0.029969735809067772
809,158,780.5569646249146,True,0,0.029969735809067772
810,79,558.4886817900967,True,0,0.029969735809067772
811,82,568.4530368165103,True,0,0.029969735809067772
812,83,573.7270498810047,True,0,0.029969735809067772
813,88,581.6106261733858,True,0,0.029969735809067772
814,91,603.7828640643676,True,0,0.029969735809067772
815,79,558.488684461294,True,0,0.029969735809067772
816,83,567.0765470328492,True,0,0.029969735809067772
817,85,572.8391163095779,True,0,0.029969735809067772
818,130,736.3268962540737,True,0,0.029969735809067772
819,96,620.3173982428928,True,0,0.029969735809067772
820,118,693.5711851669457,True,0,0.029969735809067772
821,79,557.9065143229604,True,0,0.029969735809067772
822,118,694.9872352355105,True,0,0.029969735809067772
823,95,616.7405718414689,True,0,0.029969735809067772
824,79,558.4888640944258,True,0,0.029969735809067772
825,79,558.4887150073423,True,0,0.029969735809067772
826,103,643.6919871843602,True,0,0.029969735809067772
827,80,559.2893534774732,True,0,0.029969735809067772
828,205,793.2798026275699,True,0,0.029969735809067772
829,79,558.308093194568,True,0,0.029969735809067772
830,91,600.2012472319003,True,0,0.029969735809067772
831,81,566.8830433474352,True,0,0.029969735809067772
832,81,560.9031640174885,True,0,0.029969735809067772
833,79,555.8050177212739,True,0,0.029969735809067772
834,85,575.5004066685872,True,0,0.029969735809067772
835,136,701.3534079475386,True,0,0.029969735809067772
836,79,558.8530823260644,True,0,0.029969735809067772
837,121,705.2701732083478,True,0,0.029969735809067772
838,99,630.834296397403,True,0,0.029969735809067772
839,96,619.1905089531479,True,0,0.029969735809067772
840,88,586.281150773083,True,0,0.029969735809067772
841,158,722.5830310186553,True,0,0.029969735809067772
842,87,566.8926581390482,True,0,0.029969735809067772
843,84,566.1843300904425,True,0,0.029969735809067772
844,85,573.8610931825733,True,0,0.029969735809067772
845,82,567.9637747231709,True,0,0.029969735809067772
846,79,557.929387971526,True,0,0.029969735809067772
847,79,561.8011920502327,True,0,0.029969735809067772
848,143,730.1316713312475,True,0,0.029969735809067772
849,79,557.9195429314889,True,0,0.029969735809067772
850,79,559.6096494682105,True,0,0.029969735809067772
851,81,566.4456360885174,True,0,0.029969735809067772
852,87,589.8553534941148,True,0,0.029969735809067772
853,145,786.4080356524853,True,0,0.029969735809067772
854,79,558.4887213097711,True,0,0.029969735809067772
855,84,578.9063355173796,True,0,0.029969735809067772
856,83,564.481469094071,True,0,0.029969735809067772
857,184,863.4623694971226,True,0,0.029969735809067772
858,84,570.0254587009879,True,0,0.029969735809067772
859,83,571.1287044846945,True,0,0.029969735809067772
860,151,753.3238985949363,True,0,0.029969735809067772
861,84,577.0965952705261,True,0,0.029969735809067772
862,79,557.9067376634716,True,0,0.029969735809067772
863,81,565.1878211898774,True,0,0.029969735809067772
864,79,558.4887248519235,True,0,0.029969735809067772
865,81,568.9303439274706,True,0,0.029969735809067772
866,79,558.4883920387228,True,0,0.029969735809067772
867,86,580.6802904655842,True,0,0.029969735809067772
868,79,558.488683325103,True,0,0.029969735809067772
869,117,697.5625647434094,True,0,0.029969735809067772
870,98,627.8565582408648,True,0,0.029969735809067772
871,121,701.9807872960641,True,0,0.029969735809067772
872,101,630.7856734251767,True,0,0.029969735809067772
873,126,704.3218111848187,True,0,0.029969735809067772
874,122,701.7117188380951,True,0,0.029969735809067772
875,130,726.8279694200576,True,0,0.029969735809067772
876,85,573.587294287277,True,0,0.029969735809067772
877,129,682.4419823087712,True,0,0.029969735809067772
878,79,558.4886784623263,True,0,0.029969735809067772
879,117,690.4787611963204,True,0,0.029969735809067772
880,99,630.9278732545437,True,0,0.029969735809067772
881,81,566.158791641162,True,0,0.029969735809067772
882,109,662.4211594527092,True,0,0.029969735809067772
883,92,606.3935962111067,True,0,0.029969735809067772
884,81,563.7143237902902,True,0,0.029969735809067772
885,82,569.1166723365363,True,0,0.029969735809067772
886,158,770.3161135579986,True,0,0.029969735809067772
887,96,619.5236290280488,True,0,0.029969735809067772
888,79,558.4886453708896,True,0,0.029969735809067772
889,82,567.9901889959685,True,0,0.029969735809067772
890,79,557.9238066498867,True,0,0.029969735809067772
891,80,558.4662257015702,True,0,0.029969735809067772
892,79,557.929360175658,True,0,0.029969735809067772
893,81,565.6879928513686,True,0,0.029969735809067772
894,139,717.9401072912962,True,0,0.029969735809067772
895,133,690.830878400127,True,0,0.029969735809067772
896,81,565.4035870402214,True,0,0.029969735809067772
897,81,561.4889247195855,True,0,0.029969735809067772
898,81,565.1442419709672,True,0,0.029969735809067772
899,90,590.7431735966927,True,0,0.029969735809067772
900,109,664.2934305953395,True,0,0.029969735809067772
901,101,637.3201020307399,True,0,0.029969735809067772
902,105,642.4536185888062,True,0,0.029969735809067772
903,159,784.3369315717838,True,0,0.029969735809067772
904,104,646.3858155748959,True,0,0.029969735809067772
905,81,564.4501086776824,True,0,0.029969735809067772
906,102,639.5568357190346,True,0,0.029969735809067772
907,113,680.1699791989647,True,0,0.029969735809067772
908,88,590.4767059779188,True,0,0.029969735809067772
909,145,729.872062313213,True,0,0.029969735809067772
910,147,679.643396404132,True,0,0.029969735809067772
911,63,-45.681643984813554,False,1,0.029969735809067772
912,69,-61.48490462945823,False,1,0.029969735809067772
913,93,-47.20727060929876,False,1,0.029969735809067772
914,162,157.20159396795765,False,1,0.029969735809067772
915,185,377.51178316701186,False,1,0.029969735809067772
916,144,278.64223293999777,False,1,0.029969735809067772
917,174,331.9733041123435,False,1,0.029969735809067772
918,84,562.5248874717973,True,0,0.029969735809067772
919,87,582.6712985856643,True,0,0.029969735809067772
920,138,710.3708029036163,True,0,0.029969735809067772
921,79,558.4887150022475,True,0,0.029969735809067772
922,81,560.1411460307597,True,0,0.029969735809067772
923,85,576.1499708242488,True,0,0.029969735809067772
924,171,815.2065657424494,True,0,0.029969735809067772
925,87,582.7142144964332,True,0,0.029969735809067772
926,81,565.057516025701,True,0,0.029969735809067772
927,79,558.489387799292,True,0,0.029969735809067772
928,81,566.5223529050236,True,0,0.029969735809067772
929,81,565.6743091684266,True,0,0.029969735809067772
930,81,559.2530895823979,True,0,0.029969735809067772
931,111,671.6693904463389,True,0,0.029969735809067772
932,119,652.3595984332944,True,0,0.029969735809067772
933,197,909.7836690085566,True,0,0.029969735809067772
934,79,558.3079947927406,True,0,0.029969735809067772
935,78,558.6745891295554,True,0,0.029969735809067772
936,79,557.9153924112189,True,0,0.029969735809067772
937,83,564.206149350219,True,0,0.029969735809067772
938,130,742.3697639713957,True,0,0.029969735809067772
939,98,627.6632203375469,True,0,0.029969735809067772
940,84,578.58076677958,True,0,0.029969735809067772
941,81,560.0838473302854,True,0,0.029969735809067772
942,121,708.102677192337,True,0,0.029969735809067772
943,106,652.4752623150443,True,0,0.029969735809067772
944,86,577.6850535092401,True,0,0.029969735809067772
945,156,773.6241908976056,True,0,0.029969735809067772
946,125,722.0002828769984,True,0,0.029969735809067772
947,82,570.7711940811556,True,0,0.029969735809067772
948,108,653.3699640390928,True,0,0.029969735809067772
949,155,767.1340203090583,True,0,0.029969735809067772
950,187,866.5378685594995,True,0,0.029969735809067772
951,79,554.7939345145236,True,0,0.029969735809067772
952,94,611.6172273058447,True,0,0.029969735809067772
953,81,557.7368245910144,True,0,0.029969735809067772
954,79,558.4887430162051,True,0,0.029969735809067772
955,125,719.4844954163189,True,0,0.029969735809067772
956,101,638.3482379133962,True,0,0.029969735809067772
957,103,640.3535721849744,True,0,0.029969735809067772
958,79,558.4888929742784,True,0,0.029969735809067772
959,94,613.3939859941861,True,0,0.029969735809067772
960,81,560.3595572837502,True,0,0.029969735809067772
961,106,654.429284938252,True,0,0.029969735809067772
962,142,727.1460597100842,True,0,0.029969735809067772
963,151,752.6480790488172,True,0,0.029969735809067772
964,132,688.6188396042011,True,0,0.029969735809067772
965,81,564.654538778474,True,0,0.029969735809067772
966,81,565.1216774635077,True,0,0.029969735809067772
967,79,557.9209747501602,True,0,0.029969735809067772
968,109,666.2708181211128,True,0,0.029969735809067772
969,97,623.7910980251154,True,0,0.029969735809067772
970,79,559.5144045418127,True,0,0.029969735809067772
971,110,668.9721094147438,True,0,0.029969735809067772
972,83,575.1460316844032,True,0,0.029969735809067772
973,111,669.4546623652725,True,0,0.029969735809067772
974,94,615.6173422570407,True,0,0.029969735809067772
975,87,579.4356316609181,True,0,0.029969735809067772
976,79,558.4886159198816,True,0,0.029969735809067772
977,82,564.7082087616984,True,0,0.029969735809067772
978,96,612.745334734301,True,0,0.029969735809067772
979,115,687.5900341210915,True,0,0.029969735809067772
980,96,617.6933842494416,True,0,0.029969735809067772
981,103,644.2051495393868,True,0,0.029969735809067772
982,107,656.1190196291127,True,0,0.029969735809067772
983,158,780.6588102623256,True,0,0.029969735809067772
984,101,634.4382587119915,True,0,0.029969735809067772
985,81,565.3117198451018,True,0,0.029969735809067772
986,80,562.6177497044084,True,0,0.029969735809067772
987,79,558.488636526272,True,0,0.029969735809067772
988,79,557.7534271414431,True,0,0.029969735809067772
989,111,673.8928987065514,True,0,0.029969735809067772
990,104,642.2000742507375,True,0,0.029969735809067772
991,97,623.8795784563647,True,0,0.029969735809067772
992,79,555.5361737616254,True,0,0.029969735809067772
993,85,583.0677187379646,True,0,0.029969735809067772
994,79,558.4891979220026,True,0,0.029969735809067772
995,80,559.6166650262811,True,0,0.029969735809067772
996,135,701.8888513600818,True,0,0.029969735809067772
997,196,912.2688231914146,True,0,0.029969735809067772
998,120,88.28000426116299,False,1,0.029969735809067772
999,228,485.6949622419909,False,1,0.029969735809067772
1000,236,158.30481808888345,False,1,0.029969735809067772
